,Have_IP,Have_At,URL_Length,URL_Depth,Redirection,https_Domain,TinyURL,Prefix_Suffix,DNS_Record,Web_Traffic,Domain_Age,Domain_End,iFrame,Mouse_Over,Right_Click,Web_Forwards
5526,0,0,0,2,0,0,0,0,0,1,0,0,0,0,1,0
4113,0,0,1,8,0,0,0,0,0,1,1,1,0,0,1,0
9850,0,0,1,7,0,0,0,0,0,1,0,0,1,0,1,0
5984,0,0,0,2,0,0,0,0,0,1,0,0,0,0,1,0
7410,0,0,1,7,0,0,1,0,1,0,1,1,1,0,1,0
3244,0,0,1,7,0,0,1,0,0,1,0,0,0,0,1,1
8677,0,0,1,1,0,0,0,0,0,1,0,1,0,0,1,0
264,0,0,1,2,0,0,1,0,0,1,1,1,0,0,1,0
1978,0,0,1,6,0,0,0,0,0,1,0,0,0,0,1,0
7333,0,0,1,1,0,0,0,0,0,0,1,1,0,0,1,0
3565,0,0,1,1,0,0,0,0,0,1,0,1,0,0,1,0
2036,0,0,1,2,0,0,0,0,0,1,1,1,0,0,1,0
6292,0,0,0,1,0,0,0,0,0,1,0,0,0,0,0,0
9161,0,0,1,5,0,0,0,0,0,1,1,1,0,0,1,0
7534,0,0,1,2,0,0,0,1,0,0,0,1,0,0,1,0
9895,0,0,1,4,0,0,0,0,0,1,1,1,0,0,1,0
8261,0,0,1,4,0,0,0,0,0,1,0,1,0,0,1,0
9261,0,0,0,1,0,0,0,0,1,1,1,1,0,0,1,0
418,0,0,1,3,0,0,0,0,1,1,1,1,0,0,1,0
1135,0,0,1,3,0,0,0,0,0,1,1,1,0,0,1,0
7799,0,0,0,1,0,0,0,0,0,1,0,1,0,0,1,0
2670,0,0,1,5,0,0,0,0,0,1,0,1,0,0,1,1
246,0,0,1,3,0,0,0,0,0,1,0,1,1,1,1,1
4178,0,0,1,5,0,0,0,0,0,1,0,1,0,0,1,1
5257,0,0,0,0,0,0,0,0,0,1,1,1,0,0,1,0
6476,0,0,0,1,0,0,0,0,0,1,1,1,1,1,1,1
8775,0,0,0,4,0,0,0,0,0,1,0,0,0,0,1,0
9576,0,0,0,1,0,0,0,0,0,1,0,1,0,0,1,0
7806,0,0,1,2,0,0,0,0,0,1,0,0,0,0,1,0
2986,0,0,1,4,0,0,0,0,0,1,0,1,0,0,1,0
2373,0,0,1,2,0,0,0,0,0,1,1,1,0,0,1,1
416,0,0,1,5,0,0,0,0,0,1,0,1,0,0,1,0
8147,0,0,0,2,0,0,0,0,1,1,1,1,0,0,1,0
5111,0,0,0,0,0,0,0,0,0,1,0,1,0,0,1,0
6686,0,0,1,5,0,0,0,0,0,1,1,1,1,1,1,1
9933,0,0,1,1,0,0,0,0,0,1,1,1,0,0,1,0
7830,0,0,0,2,0,0,0,0,0,1,0,1,0,0,1,0
2880,0,0,1,2,0,0,0,0,0,1,0,1,0,0,1,0
7183,0,0,1,5,0,0,0,0,0,1,1,1,0,0,1,0
4060,0,0,1,4,0,0,0,0,0,1,1,1,0,0,1,0
7584,0,0,0,0,0,0,0,1,0,1,0,0,0,0,1,0
3029,0,0,1,5,0,0,0,0,0,1,1,1,0,0,1,0
4425,0,0,1,5,0,0,0,0,0,1,0,1,0,0,1,0
5099,0,0,0,3,0,0,0,0,0,1,1,1,0,0,1,0
1580,0,0,1,1,0,0,0,0,1,1,1,1,1,1,1,1
8936,0,0,0,4,0,0,0,0,0,1,0,1,0,0,1,0
2764,0,0,1,3,0,0,0,0,0,0,0,1,0,0,1,0
9176,1,0,1,4,0,0,0,0,1,1,1,1,0,0,1,0
366,0,0,1,4,0,0,0,0,0,1,1,1,0,0,1,1
4261,0,0,1,2,0,0,0,0,0,1,0,0,0,0,1,0
3240,0,0,1,3,0,0,0,0,0,1,1,1,0,0,1,0
9216,0,0,0,1,0,0,0,0,0,1,0,1,0,0,1,0
9845,0,0,0,1,0,0,0,0,0,1,0,0,0,0,1,0
8198,0,0,0,1,0,0,0,1,1,1,1,1,1,1,1,1
6903,0,0,1,2,0,0,0,0,0,1,1,1,0,0,1,0
5316,0,0,1,4,0,0,0,0,0,1,0,1,0,0,1,0
8554,0,0,0,0,0,0,0,1,0,1,1,1,0,0,1,0
2693,0,0,1,10,0,0,0,0,0,1,0,1,0,0,1,0
1811,0,0,1,1,0,0,0,0,0,1,0,1,0,0,1,0
6850,0,0,1,3,0,0,0,0,0,1,0,1,0,0,1,0
9760,0,0,0,2,0,0,0,0,0,1,1,1,0,0,1,0
8617,0,0,1,2,0,0,0,0,0,1,0,1,0,0,1,0
7090,0,0,0,0,0,0,0,1,0,1,0,0,0,0,1,0
2859,0,0,1,7,0,0,0,0,0,1,0,0,0,0,1,0
5842,0,0,1,5,0,0,1,1,0,1,1,1,0,0,1,0
7802,0,0,1,5,0,0,1,0,0,0,0,1,0,0,1,0
8970,0,0,0,2,0,0,0,1,1,0,1,1,0,0,1,0
9408,0,0,0,3,0,0,0,0,0,0,0,1,0,0,1,0
4609,0,0,1,3,0,0,0,0,0,1,0,1,0,0,1,0
7374,0,0,0,1,0,0,0,0,0,1,1,1,0,0,1,0
2225,0,0,1,4,0,0,0,0,0,1,0,0,0,0,1,0
9870,0,0,1,4,0,0,0,0,0,1,1,1,0,0,1,0
2439,0,0,1,6,0,0,0,0,1,1,1,1,0,0,1,0
7482,0,0,1,5,0,0,0,0,0,1,0,0,1,0,1,0
9006,0,0,1,9,1,0,0,0,0,1,1,0,0,0,1,0
2708,0,0,1,2,0,0,0,0,0,1,1,1,0,0,1,0
9909,0,0,0,1,1,0,0,0,0,1,1,1,0,0,1,0
292,0,0,1,3,0,0,0,0,0,1,0,1,0,0,1,0
5936,0,1,1,2,0,0,0,0,0,1,1,1,1,1,1,1
5408,0,0,1,4,0,0,0,1,0,1,0,1,0,0,1,0
6475,0,0,1,5,0,0,0,0,0,1,0,1,1,1,1,1
3011,0,0,1,2,0,0,0,0,0,1,1,1,0,0,1,0
1824,0,0,1,2,0,0,0,0,0,1,1,1,0,0,1,0
9737,0,0,1,5,0,0,0,0,0,1,0,1,0,0,1,0
8163,0,0,0,3,0,0,0,0,0,0,0,1,0,0,1,0
2950,0,0,1,2,0,0,0,0,0,1,0,0,0,0,1,0
6249,0,0,1,3,0,0,0,0,0,0,1,1,0,0,1,0
1959,0,0,1,1,0,0,0,0,1,1,1,1,1,1,1,1
1471,0,0,1,2,0,0,0,0,0,1,0,1,0,0,1,1
7660,0,0,1,3,0,0,0,1,0,1,0,1,0,0,1,0
9184,0,0,1,9,0,0,0,0,0,1,0,0,0,0,1,0
98,0,0,1,9,0,0,0,0,0,1,0,0,0,0,1,1
4045,0,0,1,1,0,0,0,0,1,1,1,1,1,1,1,1
7404,0,0,1,2,0,0,0,0,0,1,0,1,0,0,1,0
7981,0,0,1,2,0,0,0,0,0,0,0,0,0,0,1,0
1229,0,0,1,2,0,0,0,0,1,1,1,1,0,0,1,0
8688,0,0,0,0,0,0,0,0,0,0,0,1,0,0,1,0
3762,0,0,1,1,0,0,0,0,0,0,1,1,0,0,1,0
9545,0,0,0,1,0,0,0,0,0,0,0,1,0,0,1,0
4243,0,0,1,3,0,0,0,0,0,1,0,1,0,0,1,0
6783,0,0,1,1,0,0,0,0,0,1,1,1,0,0,1,0
4083,0,0,1,4,0,0,0,0,0,1,1,1,0,0,1,0
4102,0,0,1,3,0,0,0,0,0,1,0,1,0,0,1,0
2667,0,0,1,1,0,0,0,0,1,0,1,1,1,1,1,1
5630,0,0,1,4,0,0,0,1,0,0,0,0,0,0,1,0
9896,0,0,0,0,0,0,0,1,0,1,1,1,0,0,1,0
5313,0,0,1,5,0,0,0,0,0,0,0,1,1,1,1,1
1832,0,0,1,3,0,0,0,0,0,1,0,1,0,0,1,0
3738,0,0,1,4,0,0,0,0,0,1,1,1,0,0,1,1
1265,0,0,1,4,0,0,0,0,0,0,0,1,0,0,1,0
2891,0,0,1,6,0,0,0,0,0,1,1,1,0,0,1,0
1910,0,0,1,3,0,0,0,1,0,1,0,1,0,0,1,0
6723,0,0,0,2,0,0,0,0,0,1,0,1,0,0,1,0
2912,0,0,1,2,0,0,0,0,0,1,1,1,0,0,1,0
1470,0,0,1,6,0,0,0,0,0,1,1,1,0,0,1,0
2318,0,0,1,4,0,0,0,0,0,1,0,1,0,0,1,0
9648,0,0,1,1,0,0,0,1,0,1,1,1,1,1,1,1
3934,0,0,1,3,0,0,0,0,0,1,0,1,0,0,1,0
2604,0,0,1,2,0,0,0,0,1,1,1,1,0,0,1,0
175,0,0,1,8,0,0,0,0,0,1,0,1,0,0,1,0
303,0,0,1,4,0,0,0,0,0,1,1,1,0,0,1,0
9633,0,0,1,2,0,0,1,0,0,1,1,1,0,0,1,0
9479,0,0,1,0,0,0,1,1,0,1,0,1,0,0,1,0
5827,0,0,0,2,0,0,0,0,0,1,0,1,0,0,1,0
2415,0,0,1,2,0,0,0,0,0,1,0,0,1,1,1,1
5112,0,0,1,6,0,0,0,0,0,1,0,0,0,0,1,0
501,0,0,1,6,0,0,0,0,0,0,0,1,0,0,1,0
1460,0,0,1,1,0,0,0,0,0,1,0,1,0,0,1,0
4582,0,0,1,5,0,0,0,0,0,1,1,1,0,0,1,0
3408,0,0,1,1,0,0,0,0,0,1,1,1,0,0,1,0
3047,0,0,1,10,0,0,0,0,0,1,0,1,0,0,1,0
4995,0,0,1,1,1,0,1,0,0,1,0,1,0,0,1,0
6878,0,0,1,2,0,0,0,0,1,1,1,1,0,0,1,0
3823,0,0,1,7,1,0,0,0,0,1,0,1,0,0,1,0
3688,0,0,1,2,0,0,0,0,0,1,0,0,0,0,1,0
8974,0,0,1,3,0,0,0,1,0,0,0,1,0,0,1,0
101,0,0,1,3,0,0,0,0,0,1,0,1,1,1,1,1
155,0,0,1,3,0,0,0,0,0,1,1,1,0,0,1,0
6244,0,0,0,4,0,0,0,0,0,0,0,0,0,0,1,0
5778,0,0,0,1,0,0,0,0,1,1,1,1,0,0,1,0
346,0,0,1,4,0,0,0,0,0,1,1,1,0,0,1,1
1085,0,0,1,2,0,0,1,0,0,1,0,0,0,0,1,1
9605,0,0,0,1,0,0,0,0,0,0,1,1,0,0,1,0
3478,0,0,1,3,0,0,0,0,0,1,0,1,0,0,1,0
55,0,0,1,3,0,0,0,0,1,1,1,1,0,0,1,0
7586,0,0,1,2,0,0,0,0,0,1,0,1,0,0,1,0
6872,0,0,1,7,0,0,0,1,0,0,0,0,0,0,1,0
4514,0,0,1,4,0,0,0,0,0,1,0,1,0,0,1,0
3184,0,0,1,2,0,0,0,0,0,1,0,0,0,0,1,0
8813,0,0,1,7,0,0,0,0,0,1,0,0,0,0,1,0
3538,0,0,1,1,0,0,0,0,0,1,0,1,0,0,1,0
509,0,0,1,3,0,0,0,0,0,1,1,0,0,0,1,0
3753,0,0,1,3,0,0,0,0,0,1,1,1,0,0,1,0
3522,0,0,1,5,0,0,0,0,0,1,0,1,0,0,1,0
7490,0,0,0,2,0,0,1,0,0,1,0,0,1,1,1,1
622,0,0,1,6,0,0,0,0,0,1,0,0,0,0,1,0
100,0,0,1,2,0,0,0,0,0,0,1,1,0,0,1,0
4625,0,0,1,3,0,0,0,0,0,1,0,1,0,0,1,1
1153,0,0,1,2,0,0,0,0,0,1,0,1,0,0,1,0
5393,0,0,0,1,0,0,0,1,0,1,0,0,0,0,1,0
9520,0,0,0,2,0,0,0,0,1,0,1,1,0,0,1,0
4344,0,0,1,4,0,0,0,0,0,1,1,1,0,0,1,0
549,0,0,1,2,0,0,0,0,0,1,0,1,0,0,1,0
7459,0,0,0,1,0,0,0,0,0,0,0,1,1,1,1,1
9544,0,0,0,1,0,0,0,0,0,1,1,1,1,1,1,1
3540,0,0,1,4,0,0,0,0,0,1,0,1,0,0,1,0
3355,0,0,1,1,0,0,0,0,0,1,0,1,0,0,1,0
6798,0,0,0,3,0,0,0,0,0,1,0,1,1,1,1,1
6849,0,0,1,5,0,0,0,0,0,1,0,1,0,0,1,0
6255,0,0,1,2,0,0,1,0,0,1,0,1,0,0,1,1
5178,0,0,1,4,0,0,0,0,0,1,0,1,0,0,1,0
9627,0,0,0,2,0,0,0,0,0,1,0,1,0,0,1,0
5035,0,0,1,2,0,0,1,0,0,1,0,0,0,0,1,0
1425,0,0,1,4,0,0,0,0,0,0,0,1,0,0,1,0
6959,0,0,0,1,0,0,0,0,0,1,1,1,0,0,1,0
1348,0,0,1,2,0,0,0,0,0,1,1,1,0,0,1,0
9877,0,0,0,0,0,0,0,1,0,1,0,1,0,0,1,1
8678,0,0,0,0,0,0,0,1,0,1,0,0,1,0,1,0
8540,0,0,0,1,0,0,0,0,0,1,0,0,1,1,1,1
5652,0,0,1,6,0,0,0,0,0,1,0,0,1,0,1,0
8083,0,1,1,6,0,0,1,0,0,1,0,0,0,0,1,0
5379,0,0,0,1,0,0,0,0,0,1,1,0,0,0,1,0
9958,0,0,1,3,0,0,0,0,0,1,0,1,0,0,1,0
8503,0,0,1,2,0,0,0,0,0,1,1,1,0,0,1,0
7384,0,0,0,2,0,0,0,0,0,1,0,0,0,0,1,0
9528,0,0,0,3,0,0,0,0,0,1,1,1,0,0,1,0
565,0,0,1,3,0,0,0,0,0,1,0,1,0,0,1,0
6873,0,0,1,6,0,0,0,0,0,1,1,1,0,0,1,0
1291,0,0,1,5,0,0,0,0,0,1,0,0,0,0,1,0
580,0,0,1,2,0,0,0,0,1,1,1,1,0,0,1,0
7335,0,0,1,5,0,0,1,1,0,1,1,1,0,0,1,0
8446,0,0,0,0,0,0,0,1,0,1,1,1,0,0,1,0
5725,0,0,1,5,0,0,0,0,0,1,0,0,1,0,1,0
7407,0,0,0,0,0,0,0,0,0,1,0,1,0,0,1,0
6944,0,0,0,1,0,0,0,0,0,0,0,0,0,0,1,0
2961,0,0,1,3,0,0,0,0,0,1,1,1,0,0,1,1
3470,0,0,1,2,0,0,0,0,0,0,1,1,0,0,1,0
7213,0,0,0,2,0,0,0,0,1,1,1,1,0,0,1,0
5852,0,0,0,0,0,0,0,1,0,1,0,1,0,0,1,0
9476,0,0,0,0,0,0,1,0,1,1,1,1,0,0,1,0
6657,0,0,1,5,0,0,0,0,0,0,0,0,0,0,1,0
9610,0,0,0,1,0,0,0,0,0,0,0,1,0,0,1,0
6283,1,0,0,2,0,0,0,0,0,1,1,1,0,0,1,0
7120,0,0,0,2,0,0,0,1,0,1,0,1,1,1,1,1
3798,0,0,1,3,0,0,0,0,0,1,0,1,0,0,1,1
93,0,0,1,4,0,0,0,0,0,1,1,1,0,0,1,0
956,0,0,1,1,0,0,0,0,0,1,1,1,0,0,1,0
526,0,0,1,5,0,0,0,0,0,1,0,1,0,0,1,0
8968,0,0,0,2,0,0,0,0,0,0,1,1,0,0,1,0
1943,0,0,1,1,0,0,0,0,0,0,0,0,0,0,1,0
2416,0,0,1,2,0,0,0,0,0,1,0,1,0,0,1,1
5663,0,0,0,2,0,0,0,0,0,1,1,1,0,0,1,0
1432,0,0,1,3,0,0,0,0,0,0,1,0,0,0,1,1
5016,0,0,1,4,0,0,0,0,0,1,0,1,1,1,1,1
4339,0,0,1,2,0,0,0,0,0,1,0,0,0,0,1,0
969,0,0,1,3,0,0,0,0,0,1,1,1,0,0,1,0
7463,0,0,1,3,0,0,0,1,0,1,0,1,0,0,1,0
3415,0,0,1,6,0,0,0,0,0,1,1,1,0,0,1,0
4125,0,0,1,6,0,0,0,0,0,1,0,0,0,0,1,0
5291,0,0,0,3,0,0,0,0,0,0,0,1,0,0,1,0
1575,0,0,1,3,0,0,0,0,0,1,0,1,0,0,1,0
629,0,0,1,4,0,0,0,0,0,1,0,1,0,0,1,0
1665,0,0,1,2,0,0,0,0,0,1,0,0,1,1,1,1
56,0,0,1,5,0,0,0,0,0,1,0,1,0,0,1,0
1075,0,0,1,2,0,0,0,0,0,1,0,1,0,0,1,0
2211,0,0,1,4,0,0,1,0,0,1,1,1,0,0,1,0
4481,0,0,1,2,0,0,0,0,1,1,1,1,0,0,1,0
7641,0,0,1,5,0,0,0,0,0,1,0,1,0,0,1,0
1109,0,0,1,3,0,0,0,0,0,1,0,1,1,1,1,1
7024,0,0,0,3,0,0,0,1,0,1,0,1,0,0,1,0
4085,0,0,1,2,0,0,1,0,0,1,0,0,0,0,1,1
6497,0,0,0,3,0,0,0,0,0,0,0,1,0,0,1,0
4482,0,0,1,4,0,0,0,0,0,1,1,1,0,0,1,1
6220,0,0,0,0,0,0,1,0,0,1,0,0,0,0,1,0
528,0,0,1,4,0,0,0,0,0,1,1,1,0,0,1,0
2577,0,0,1,10,0,0,0,0,0,1,0,1,0,0,1,0
7184,0,0,0,2,0,0,0,0,0,1,0,0,0,0,1,0
4791,0,0,1,3,0,0,0,0,0,1,0,1,0,0,1,0
6568,0,0,1,4,0,0,0,0,0,1,0,1,0,0,1,0
7737,0,0,1,7,0,0,0,0,0,1,1,1,0,0,1,0
6558,0,0,1,7,0,0,1,0,0,0,0,0,1,0,1,0
6790,0,0,0,2,0,0,0,0,0,1,0,0,0,0,1,0
6065,0,0,1,5,0,0,0,0,0,1,0,0,1,0,1,0
1861,0,0,1,2,0,0,0,0,0,1,0,0,1,1,1,1
2943,0,0,1,10,0,0,0,0,0,1,0,1,0,0,1,0
7203,0,0,1,4,0,0,0,0,0,1,0,1,0,0,1,0
1695,0,0,1,4,0,0,0,0,0,0,0,1,0,0,1,0
2915,0,0,1,6,0,0,0,0,0,1,1,1,0,0,1,0
8309,0,0,1,5,0,0,0,0,0,1,0,0,0,0,1,0
3944,0,0,1,3,0,0,0,0,0,1,1,1,0,0,1,1
5097,0,0,1,3,0,0,0,0,0,0,0,0,0,0,1,0
211,0,0,1,1,0,0,0,0,1,0,1,1,1,0,1,0
1147,0,0,1,4,0,0,0,0,0,1,0,1,0,0,1,0
470,0,0,1,4,0,0,0,0,0,1,1,1,0,0,1,0
2858,0,0,1,7,0,0,0,0,0,1,1,1,0,0,1,1
9978,0,0,0,1,0,0,0,0,0,1,0,1,0,0,1,0
9306,0,0,1,3,0,0,0,0,0,1,0,0,0,0,1,0
7446,0,0,1,2,0,0,0,0,1,1,1,1,1,1,1,1
3975,0,0,1,4,0,0,0,0,0,0,0,1,0,0,1,0
9764,0,0,1,8,0,0,0,0,0,1,0,1,1,0,1,0
2268,0,0,1,2,0,0,0,0,0,1,0,1,0,0,1,0
9237,0,0,1,1,0,0,0,0,0,1,1,1,0,0,1,0
4862,0,0,1,2,0,0,0,0,0,1,1,1,0,0,1,0
7324,0,0,1,8,0,0,0,0,0,1,0,1,0,0,1,0
7768,0,0,1,6,0,0,0,1,0,1,0,1,0,0,1,0
3377,0,0,1,3,0,0,0,0,0,1,0,1,0,0,1,0
6073,0,0,0,0,0,0,0,1,0,1,0,1,0,0,1,0
5081,0,0,1,4,0,0,0,0,0,0,0,1,0,0,1,0
3123,0,0,1,2,0,0,0,0,0,1,1,1,0,0,1,0
6538,0,0,1,1,0,0,0,0,0,1,0,1,0,0,1,0
508,0,0,1,2,0,0,0,0,0,1,0,0,1,1,1,1
8992,0,0,0,1,0,0,1,0,0,1,1,1,1,1,1,1
6203,0,0,1,2,0,0,0,0,0,0,0,1,1,1,1,1
4468,0,0,1,5,0,0,0,0,0,1,1,1,0,0,1,0
2256,0,0,1,5,0,0,0,0,0,1,1,1,0,0,1,1
9929,0,0,1,1,0,0,0,0,0,1,1,1,0,0,1,0
9241,0,0,0,2,0,0,0,0,0,1,0,1,0,0,1,0
3348,0,0,1,3,0,0,0,0,0,1,0,1,0,0,1,0
8491,0,0,0,1,0,0,0,0,1,1,1,1,0,0,1,0
8578,0,0,1,5,0,0,1,0,1,1,1,1,0,0,1,0
4884,0,0,1,3,0,0,0,0,0,1,0,1,0,0,1,0
1939,0,0,1,4,0,0,0,0,0,1,1,1,0,0,1,0
5146,0,0,0,1,0,0,0,1,0,1,0,0,0,0,1,0
88,0,0,1,2,0,0,0,0,1,1,1,1,0,0,1,0
6339,0,0,0,3,0,0,0,0,0,1,0,1,0,0,1,0
8337,0,0,1,2,0,0,0,0,0,0,0,0,0,0,1,0
9595,0,0,0,3,0,0,0,0,0,1,0,0,1,1,1,1
9856,0,0,0,0,0,0,0,1,0,1,0,1,0,0,1,0
4911,0,0,1,2,0,0,0,0,0,1,0,0,1,1,1,1
4323,0,0,1,2,0,0,0,0,0,1,0,0,0,0,1,0
877,0,1,1,2,0,0,0,0,0,1,0,1,0,0,1,0
853,0,0,1,10,0,0,0,0,0,1,0,1,0,0,1,0
5480,0,0,1,4,0,0,1,0,0,1,0,0,0,0,1,0
3860,0,0,1,2,0,0,0,0,0,1,0,1,1,1,1,1
651,0,0,1,4,0,0,0,0,0,1,0,1,0,0,1,0
2424,0,0,1,3,0,0,0,0,0,0,0,1,0,0,1,0
2841,0,0,1,3,0,0,0,0,1,1,1,1,0,0,1,0
7121,0,0,1,2,0,0,0,0,0,1,1,1,0,0,1,0
9053,0,0,0,1,0,0,0,0,0,1,1,1,0,0,1,0
4114,0,0,1,3,0,0,0,0,1,1,1,1,0,0,1,0
844,0,0,1,2,0,0,0,0,0,1,0,1,1,1,1,1
4517,0,0,1,3,0,0,0,0,1,1,1,1,0,0,1,0
5110,0,0,0,2,0,0,0,0,0,1,0,1,0,0,1,0
6787,0,0,0,2,0,0,0,0,0,0,0,1,0,0,1,1
7005,0,0,0,0,0,0,0,0,0,1,0,1,0,0,1,0
5801,0,0,1,0,0,0,0,1,0,0,0,1,0,0,1,0
1626,0,0,1,7,0,0,0,0,0,1,0,0,0,0,1,0
2770,0,0,1,1,0,0,0,0,0,1,0,1,0,0,1,0
4974,0,0,1,3,0,0,0,0,0,1,0,1,0,0,1,0
6788,0,0,1,7,0,0,0,0,0,1,0,1,0,0,1,0
6864,0,0,1,7,0,0,0,0,0,1,0,1,0,0,1,0
1093,0,0,1,2,0,0,0,0,0,1,1,1,0,0,1,0
7289,0,0,0,0,0,0,0,0,0,1,1,1,1,0,1,0
6409,0,1,1,7,0,0,0,0,0,1,0,1,0,0,1,0
8197,0,0,0,1,0,0,0,0,0,1,0,0,1,0,1,0
6240,0,0,0,0,0,0,0,0,0,1,0,1,0,0,1,0
7722,0,0,1,2,0,0,1,0,0,1,0,0,0,0,1,0
4940,0,0,1,3,0,0,0,0,0,1,1,1,0,0,1,1
6584,0,0,1,3,0,0,0,0,0,1,0,1,0,0,1,0
5098,0,0,1,5,0,0,0,0,0,1,0,0,0,0,1,0
5332,0,0,0,2,0,0,0,0,0,0,0,0,0,0,1,0
363,0,0,1,7,0,0,1,0,0,1,0,0,0,0,1,1
309,0,0,1,2,0,0,0,0,0,1,0,1,0,0,1,1
3629,0,0,1,6,0,0,0,0,0,1,0,0,0,0,1,0
6729,0,0,1,2,0,0,0,0,0,1,0,0,0,0,1,0
2461,0,0,1,2,0,0,0,0,0,1,0,1,0,0,1,1
389,0,0,1,3,0,0,0,0,0,1,0,1,0,0,1,0
7850,0,0,1,2,0,0,0,1,0,1,0,1,0,0,1,0
9862,0,0,1,8,0,0,0,0,1,1,1,1,0,0,1,1
8890,0,0,0,2,0,0,0,0,0,0,1,1,0,0,1,0
7835,0,0,0,0,0,0,0,0,0,1,0,0,0,0,1,0
9836,0,0,0,1,0,0,0,0,0,1,0,1,0,0,1,0
2882,0,0,1,1,0,0,0,0,0,1,0,1,0,0,1,0
6125,0,1,1,4,0,0,0,1,0,1,1,1,0,0,1,0
3581,0,0,1,3,0,0,0,0,0,1,0,1,0,0,1,0
3059,0,0,1,4,0,0,0,0,0,1,0,1,0,0,1,0
4372,0,0,1,4,0,0,0,0,0,1,1,1,0,0,1,0
3417,0,0,1,1,0,0,0,0,0,1,1,1,0,0,1,0
6270,0,0,1,3,0,0,0,1,0,1,0,1,0,0,1,0
7232,0,0,1,3,0,0,0,0,0,1,0,1,0,0,1,0
7808,0,1,1,7,0,0,0,0,0,1,0,1,0,0,1,0
1904,0,0,1,3,0,0,0,0,0,1,0,1,0,0,1,0
1511,0,0,1,4,0,0,0,0,0,1,1,1,0,0,1,1
1118,0,0,1,3,0,0,0,0,0,1,0,1,0,0,1,0
1518,0,0,1,4,0,0,0,0,0,1,1,1,0,0,1,0
232,0,0,1,3,0,0,0,0,0,1,0,1,0,0,1,0
1731,0,1,1,2,0,0,0,0,0,1,0,1,0,0,1,1
4861,0,0,1,4,0,0,0,0,0,1,1,1,0,0,1,0
1111,0,0,1,3,1,0,0,0,0,1,0,1,0,0,1,0
6673,0,1,1,2,0,0,1,0,1,1,1,1,0,0,1,0
4321,0,0,1,1,0,0,0,0,0,1,0,0,0,0,1,0
770,0,0,1,5,0,0,0,0,0,1,0,1,0,0,1,0
8886,0,0,0,0,0,0,0,0,0,1,0,1,1,1,1,1
7716,1,0,0,1,0,0,0,0,0,1,1,1,0,0,1,0
4089,0,0,1,3,0,0,0,0,0,1,0,1,0,0,1,0
8371,0,0,1,3,0,0,0,0,0,1,1,1,0,0,1,0
6223,0,0,1,1,1,0,0,0,1,1,1,1,0,0,1,0
2308,0,0,1,2,0,0,0,0,1,1,1,1,0,0,1,0
6799,0,0,1,1,0,0,0,0,0,1,0,1,0,0,1,0
7494,0,0,0,0,0,0,0,0,0,1,0,1,1,1,1,1
5213,0,0,1,4,0,0,1,0,0,1,1,1,0,0,1,0
2282,0,0,1,1,0,0,0,0,0,1,1,1,0,0,1,0
166,0,0,1,10,0,0,0,0,0,1,0,1,0,0,1,0
865,0,0,1,2,0,0,0,0,0,0,1,1,0,0,1,0
7339,0,0,0,1,0,0,0,1,0,1,0,1,0,0,1,0
1821,0,0,1,2,0,0,0,0,0,0,1,1,0,0,1,0
7441,0,0,0,3,0,0,0,0,0,1,0,1,0,0,1,0
2006,0,0,1,7,0,0,1,0,0,1,0,0,0,0,1,1
4266,0,0,1,5,0,0,0,0,0,1,0,1,0,0,1,0
5566,0,0,1,7,0,0,0,0,0,1,1,1,0,0,1,0
9058,0,0,1,4,0,0,0,0,0,1,0,1,0,0,1,0
1032,0,0,1,2,0,0,0,0,0,1,1,1,0,0,1,0
5583,0,0,1,5,0,0,0,0,0,1,1,1,0,0,1,0
2914,0,0,1,2,0,0,1,0,0,1,1,1,0,0,1,0
3254,0,0,1,3,0,0,0,0,0,1,0,1,0,0,1,0
9404,0,0,1,3,0,0,0,0,0,1,1,1,1,1,1,1
9288,0,0,0,0,0,0,0,1,0,1,1,1,1,1,1,1
7372,0,0,0,2,0,0,0,0,0,1,1,0,0,0,1,0
140,0,0,1,1,0,0,0,0,0,1,1,1,0,0,1,0
445,0,0,1,3,0,0,0,0,1,1,1,1,0,0,1,0
8236,0,0,0,0,0,0,0,1,0,1,0,1,1,1,1,1
3132,0,0,1,3,0,0,0,0,0,1,0,1,0,0,1,0
9678,0,0,1,1,0,0,0,0,0,1,1,1,0,0,1,0
9227,0,0,1,4,0,0,0,0,1,1,1,1,0,0,1,0
7153,0,0,0,0,0,0,0,1,0,1,0,1,0,0,1,0
5802,0,0,0,3,0,0,0,0,0,1,0,0,0,0,1,0
9960,0,0,1,2,0,0,0,0,0,1,0,1,0,0,1,0
2135,0,0,1,4,0,0,0,0,0,1,0,1,0,0,1,0
4136,0,0,1,3,0,0,0,0,0,1,0,1,0,0,1,0
6971,0,0,0,1,0,0,0,1,0,1,0,1,1,1,1,1
8720,0,0,1,5,0,0,0,0,0,1,0,0,0,0,1,0
7752,0,0,0,1,0,0,0,0,0,1,0,1,0,0,1,0
6224,0,0,0,4,0,0,0,0,0,1,0,0,0,0,1,0
2490,0,0,1,4,0,0,0,0,0,1,0,1,0,0,1,0
9822,0,0,1,3,0,0,0,0,0,1,0,1,0,0,1,0
2105,0,0,1,1,0,0,0,0,0,1,1,1,0,0,1,0
736,0,0,1,2,0,0,0,0,0,1,0,0,1,1,1,1
3941,0,0,1,3,0,0,1,0,0,1,1,1,0,0,1,0
7970,0,0,1,2,0,0,0,0,0,1,1,1,0,0,1,0
1893,0,0,1,2,0,0,0,0,0,1,1,1,0,0,1,0
6978,0,0,1,3,0,0,0,0,1,1,1,1,1,0,1,0
3637,0,0,1,5,0,0,1,0,0,1,1,1,1,1,1,1
5268,0,0,0,4,0,0,0,0,0,1,0,0,0,0,1,0
8393,0,0,1,8,0,0,0,0,0,1,0,0,1,0,1,0
8777,0,0,1,1,0,0,0,0,0,1,0,1,0,0,1,0
1025,0,0,1,2,0,0,0,0,0,1,0,1,1,1,1,1
3233,0,0,1,4,0,0,0,0,0,1,1,1,0,0,1,1
4137,0,0,1,3,0,0,0,0,1,1,1,1,0,0,1,0
573,0,0,1,2,0,0,0,0,0,0,1,1,0,0,1,0
614,0,0,1,2,0,0,0,0,0,1,0,1,0,0,1,0
5452,0,0,1,7,0,0,0,0,0,1,0,1,0,0,1,0
3792,0,0,1,2,0,0,0,0,0,1,0,1,1,1,1,1
1469,0,0,1,6,0,0,0,0,0,1,0,0,0,0,1,0
6457,0,0,0,2,0,0,0,0,0,1,1,1,0,0,1,0
1516,0,0,1,1,0,0,0,0,0,0,1,1,0,0,1,0
1568,0,0,1,2,0,0,0,0,1,1,1,1,0,0,1,0
7612,0,0,0,0,0,0,0,1,0,1,0,1,1,1,1,1
5934,0,0,0,1,0,0,0,0,0,1,0,1,0,0,1,0
7283,0,0,0,0,0,0,0,0,0,1,0,1,0,0,1,0
8593,0,0,0,3,0,0,0,0,0,1,0,0,0,0,1,0
2208,0,0,1,3,0,0,0,0,0,1,0,1,0,0,1,0
8515,0,0,1,3,0,0,0,0,0,1,0,1,1,1,1,1
115,0,0,1,2,0,0,0,0,0,1,0,1,0,0,1,1
6658,0,0,0,1,0,0,0,0,0,1,0,1,0,0,1,0
8774,0,0,1,5,0,0,0,0,0,1,1,1,0,0,1,0
4557,0,0,1,3,0,0,0,0,0,1,0,1,0,0,1,0
222,0,0,1,4,0,0,0,0,0,0,0,1,0,0,1,0
5136,0,1,1,2,0,0,1,0,0,1,1,1,1,0,1,0
8441,0,0,0,1,0,0,0,0,0,1,0,1,1,1,1,1
8011,0,0,0,0,0,0,0,0,1,1,1,1,0,0,1,0
9653,0,0,0,0,0,0,0,1,1,0,1,1,0,0,1,0
3274,0,0,1,3,0,0,0,0,1,1,1,1,0,0,1,0
9569,0,0,0,2,0,0,0,0,0,1,1,1,0,0,1,0
4677,0,0,1,1,0,0,0,0,0,1,0,1,0,0,1,1
6892,0,0,1,2,0,0,0,0,0,1,0,1,0,0,1,0
9606,0,0,0,0,0,0,0,1,0,1,0,1,0,0,1,0
4828,0,0,1,3,0,0,0,0,0,1,0,1,0,0,1,0
4461,0,0,1,4,0,0,0,0,0,1,1,1,0,0,1,1
1437,0,0,1,8,0,0,0,0,0,1,0,0,0,0,1,0
6142,0,0,1,3,0,0,0,0,0,1,0,1,0,0,1,0
8458,0,0,1,5,0,0,0,1,0,1,0,0,0,0,1,0
3564,0,0,1,1,0,0,0,0,0,0,1,1,0,0,1,0
932,0,0,1,3,0,0,0,0,0,1,0,1,0,0,1,0
3310,0,0,1,2,0,0,0,0,0,1,0,1,0,0,1,0
6245,0,0,1,2,0,0,0,0,0,0,1,1,0,0,1,0
7173,0,0,0,0,0,0,1,0,1,1,1,1,0,0,1,0
8933,0,0,1,2,0,0,0,1,0,1,0,1,1,1,1,1
9953,0,0,0,1,0,0,0,0,0,1,0,1,0,0,1,0
5860,0,0,1,3,0,0,0,0,0,1,0,1,0,0,1,0
894,0,0,1,2,0,0,0,0,0,1,0,1,0,0,1,0
4849,0,0,1,3,0,0,0,0,0,1,1,1,0,0,1,0
8199,0,0,0,1,0,0,0,0,0,0,0,1,1,1,1,1
7460,0,0,1,5,0,0,0,0,0,1,1,1,0,0,1,0
7479,0,0,0,1,0,0,0,1,0,1,0,0,0,0,1,0
5850,0,0,1,4,0,0,0,1,0,1,1,1,0,0,1,0
9092,0,0,0,2,0,0,0,0,0,1,0,1,1,1,1,1
5355,0,0,0,2,0,0,0,0,0,1,1,1,0,0,1,0
4827,0,0,1,3,0,0,0,0,0,1,1,1,0,0,1,0
1372,0,0,1,5,0,0,0,0,0,1,0,1,0,0,1,0
2020,0,0,1,2,0,0,0,0,0,1,0,1,0,0,1,0
661,0,0,1,3,0,0,0,0,0,1,0,1,0,0,1,0
6358,0,0,1,2,0,0,0,0,0,1,0,1,0,0,1,0
9890,0,0,0,1,0,0,1,1,0,1,0,0,0,0,1,0
5754,0,0,1,5,0,0,0,0,0,1,1,1,0,0,1,0
9787,0,1,1,2,0,0,0,0,0,1,0,1,0,0,1,0
7735,0,0,1,2,0,0,1,0,0,1,1,1,0,0,1,0
4904,0,0,1,2,0,0,0,0,0,0,1,1,0,0,1,0
7294,0,0,0,0,0,0,0,0,0,1,1,1,0,0,1,0
2582,0,0,1,4,0,0,0,0,0,1,1,1,0,0,1,0
1034,0,0,1,2,0,0,0,0,0,1,0,1,0,0,1,0
2900,0,0,1,6,0,0,0,0,0,1,1,1,0,0,1,0
2196,0,0,1,3,0,0,0,0,0,1,0,1,0,0,1,1
1885,0,0,1,5,0,0,0,0,0,1,1,1,0,0,1,1
9242,0,0,0,1,0,0,0,0,0,1,0,0,0,0,1,0
237,0,0,1,2,0,0,0,0,0,0,1,1,0,0,1,0
3765,0,0,1,4,0,0,1,0,0,1,1,1,0,0,1,0
895,0,0,1,3,0,0,0,0,0,1,0,1,0,0,1,0
9091,0,1,1,1,0,0,0,0,0,0,0,1,0,0,1,0
9908,0,0,1,1,0,0,0,1,0,1,0,1,0,0,1,0
9268,0,0,1,3,0,0,0,0,0,1,0,1,0,0,1,0
5248,0,0,1,3,0,0,0,0,0,1,0,1,0,0,1,0
4252,0,0,1,5,0,0,0,0,0,1,0,0,0,0,1,0
8057,0,0,1,3,0,0,1,0,0,1,0,0,0,0,1,0
4921,0,0,1,4,0,0,0,0,0,1,0,1,0,0,1,0
347,0,0,1,2,0,0,0,0,0,1,0,1,0,0,1,0
8143,0,0,1,1,0,0,0,0,0,1,0,1,0,0,1,0
4555,0,0,1,2,0,0,0,0,0,1,0,1,0,0,1,0
159,0,0,1,4,0,0,0,0,0,1,1,1,0,0,1,0
5938,0,0,1,5,0,0,0,0,0,1,0,1,1,1,1,1
8294,0,0,0,0,0,0,0,0,0,1,0,1,0,0,1,0
7898,0,0,1,7,0,0,0,0,0,1,0,1,0,0,1,0
8637,0,0,0,1,0,0,0,0,0,1,0,0,0,0,1,0
2989,0,0,1,3,0,0,0,0,0,1,1,1,0,0,1,0
4929,0,0,1,1,0,0,0,0,0,1,1,1,0,0,1,0
2297,0,0,1,4,0,0,0,0,0,0,0,1,0,0,1,0
6470,0,0,0,1,0,0,0,0,0,1,1,1,0,0,1,0
5918,0,0,1,6,0,0,0,1,0,1,0,1,0,0,1,0
1107,0,0,1,6,0,0,0,0,0,1,0,0,0,0,1,1
5928,0,0,0,2,0,0,0,0,0,1,1,0,0,0,1,0
7673,0,0,1,4,0,0,0,0,0,1,1,0,0,0,1,0
8883,0,1,1,6,0,0,0,0,0,0,0,0,0,0,1,0
3179,0,0,1,3,0,0,0,0,0,1,0,1,0,0,1,1
4088,0,0,1,4,0,0,0,0,0,1,1,1,0,0,1,0
9652,0,0,0,0,0,0,0,1,0,1,0,1,0,0,1,0
78,0,0,1,2,0,0,0,0,1,1,1,1,0,0,1,0
6324,0,0,1,6,0,0,0,0,0,1,0,1,0,0,1,0
2664,0,0,1,7,1,0,0,0,0,1,0,1,0,0,1,0
1119,0,0,1,3,0,0,0,0,0,1,0,1,0,0,1,0
4094,0,0,1,2,0,0,0,0,0,1,1,1,0,0,1,0
3238,0,0,1,1,1,0,0,0,0,1,1,1,0,0,1,0
73,0,0,1,2,0,0,0,0,0,0,1,1,0,0,1,0
3982,0,0,1,2,0,0,0,0,0,1,0,0,0,0,1,0
9724,0,0,0,0,0,0,0,1,0,1,0,1,0,0,1,0
8523,0,0,1,2,0,0,0,0,0,1,0,1,0,0,1,0
8134,0,0,1,2,0,0,0,0,0,0,0,1,0,0,1,0
4262,0,0,1,3,0,0,0,0,0,1,1,1,0,0,1,0
1980,0,0,1,2,0,0,0,0,0,1,0,0,1,1,1,1
9401,0,0,1,8,0,0,0,0,0,1,1,1,0,0,1,0
1713,0,0,1,1,0,0,0,0,1,1,1,1,1,1,1,1
9568,0,0,0,0,0,0,0,0,0,1,0,1,0,0,1,0
5398,0,0,0,4,0,0,1,0,0,1,0,1,0,0,1,0
5289,0,0,1,4,0,0,0,0,0,1,0,1,0,0,1,0
3105,0,0,1,5,0,0,0,0,0,1,0,1,0,0,1,0
2213,0,0,1,1,0,0,0,0,0,1,0,1,0,0,1,0
7366,0,1,1,4,0,0,0,1,0,1,1,1,0,0,1,0
4506,0,0,1,3,0,0,0,0,0,1,0,1,0,0,1,0
2346,0,0,1,1,0,0,0,0,0,1,0,1,0,0,1,0
4093,0,0,1,1,0,0,0,0,0,1,1,1,0,0,1,0
3409,0,0,1,2,0,0,0,0,0,1,0,0,0,0,1,0
6793,0,0,1,5,0,0,0,0,0,1,0,1,0,0,1,1
1166,0,0,1,4,0,0,0,0,0,1,0,1,0,0,1,0
4811,0,0,1,4,0,0,0,0,0,1,1,1,0,0,1,0
5981,0,0,1,2,0,0,0,0,0,1,1,1,0,0,1,0
332,0,0,1,2,0,0,0,0,0,0,1,1,0,0,1,0
4465,0,0,1,5,0,0,0,0,1,1,1,1,1,1,1,1
2072,0,0,1,5,0,0,0,0,0,1,0,1,0,0,1,0
3175,0,0,1,7,0,0,0,0,0,1,1,1,0,0,1,0
7440,0,0,0,1,0,0,0,0,0,0,1,1,0,0,1,0
4404,0,0,1,2,0,0,0,0,1,1,1,1,0,0,1,0
3859,0,0,1,6,0,0,0,0,0,1,0,0,0,0,1,0
8893,1,0,0,1,0,0,0,0,0,1,1,1,0,0,1,0
379,0,0,1,3,0,0,0,0,0,1,0,1,0,0,1,0
3489,0,0,1,5,0,0,0,0,0,1,0,0,0,0,1,0
5704,0,0,0,1,0,0,0,1,0,0,0,0,1,1,1,1
3312,0,0,1,4,0,0,0,0,0,1,0,1,0,0,1,0
6823,0,0,1,3,0,0,0,0,0,1,0,1,1,1,1,1
1570,0,0,1,2,0,0,0,0,0,1,0,1,0,0,1,0
87,0,0,1,5,0,0,0,0,0,1,0,1,0,0,1,0
6168,0,1,1,3,0,0,0,0,0,1,0,0,0,0,1,0
7519,0,0,0,2,0,0,0,1,0,0,1,1,0,0,1,0
8573,0,0,0,1,0,0,0,0,1,1,1,1,1,1,1,1
561,0,0,1,2,0,0,0,0,0,1,0,0,0,0,1,0
7957,0,0,1,5,0,0,1,1,0,1,1,1,0,0,1,0
2392,0,0,1,3,0,0,0,0,0,1,0,1,0,0,1,0
4068,0,0,1,4,0,0,0,0,0,0,1,1,0,0,1,0
799,0,0,1,3,0,0,1,0,0,1,1,1,0,0,1,0
8009,0,0,1,5,0,0,0,0,1,1,1,1,0,0,1,0
9461,0,0,1,5,0,0,0,0,0,1,0,1,0,0,1,0
6137,0,1,1,1,0,0,0,0,0,1,0,0,0,0,1,0
7607,0,0,1,6,0,0,0,1,0,0,0,1,0,1,1,0
7097,0,0,0,0,0,0,0,0,0,0,0,1,0,0,1,0
8643,0,0,1,5,0,0,1,1,0,1,1,1,0,0,1,0
5629,0,0,0,0,0,0,0,0,0,1,1,1,0,0,1,0
1410,0,0,1,2,0,0,0,0,0,0,1,1,0,0,1,0
2395,0,0,1,3,0,0,0,0,0,1,1,1,0,0,1,0
2802,0,0,1,5,0,0,0,0,0,1,0,1,0,0,1,1
6429,0,0,1,4,0,0,0,0,0,0,0,1,0,0,1,0
3319,0,0,1,3,0,0,1,0,0,1,1,1,0,0,1,0
3803,0,0,1,2,0,0,0,0,0,1,0,1,0,0,1,0
1737,0,0,1,4,0,0,0,0,0,1,1,1,0,0,1,0
8641,0,0,1,2,0,0,0,0,0,0,0,1,0,0,1,0
6440,0,0,1,2,0,0,0,0,0,1,1,1,0,0,1,0
9155,0,0,0,0,0,0,0,1,0,1,0,1,0,0,1,0
2846,0,0,1,10,0,0,0,0,0,1,0,1,0,0,1,0
9144,0,0,0,2,0,0,0,0,0,1,0,0,0,0,1,0
6479,0,0,0,2,0,0,1,0,0,1,1,1,0,0,1,0
809,0,0,1,1,0,0,0,0,0,1,0,1,0,0,1,0
304,0,0,1,1,0,0,0,0,1,1,1,1,1,1,1,1
8521,0,0,0,1,0,0,0,0,0,1,0,1,0,0,1,0
4488,0,0,1,1,0,0,0,0,0,1,1,1,0,0,1,0
2309,0,0,1,1,0,0,0,0,0,1,0,1,1,0,1,0
3379,0,0,1,1,1,0,0,0,0,1,1,1,0,0,1,0
8227,0,0,0,0,0,0,0,0,0,0,0,1,0,0,1,0
9705,0,0,1,2,0,0,0,1,1,1,1,1,0,0,1,0
6428,0,0,0,3,0,0,0,1,0,1,0,1,0,0,1,0
5315,0,0,0,0,0,0,0,0,0,1,0,1,0,0,1,0
6498,1,0,1,3,0,0,0,0,0,1,0,0,0,0,1,0
2469,0,0,1,2,0,0,0,0,1,1,1,1,0,0,1,0
6209,0,0,1,7,0,0,1,1,0,0,1,1,0,0,1,0
7206,0,1,1,2,0,0,0,0,0,1,0,0,0,0,1,0
3698,0,0,1,4,0,0,0,0,0,1,1,1,0,0,1,0
662,0,0,1,3,0,0,1,0,0,1,1,1,0,0,1,0
2494,0,0,1,2,0,0,0,0,0,1,0,0,0,0,1,0
2665,0,0,1,2,0,0,1,0,0,1,1,1,0,0,1,0
4040,0,0,1,2,0,0,0,0,0,1,0,1,0,0,1,1
7032,0,0,1,1,0,0,0,0,0,1,0,1,0,0,1,0
4491,0,0,1,3,0,0,0,0,0,1,0,1,0,0,1,0
7246,0,0,0,0,0,0,0,0,1,1,1,1,0,0,1,0
1621,0,0,1,2,0,0,0,0,0,1,1,0,0,0,1,0
7299,1,0,0,2,0,0,0,0,0,1,1,1,0,0,1,0
9725,0,0,0,1,0,0,0,0,0,0,0,0,0,0,1,0
3614,0,0,1,4,0,0,0,0,0,1,0,0,0,0,1,0
5054,0,0,1,2,0,0,0,0,0,1,1,0,0,0,1,0
5420,0,0,1,4,0,0,0,0,0,1,0,0,1,1,1,1
4660,0,0,1,2,0,0,0,0,0,1,0,1,0,0,1,0
5072,0,0,1,6,0,0,0,0,0,0,0,0,0,0,1,0
9327,0,0,1,4,0,0,0,0,0,1,0,1,0,0,1,0
319,0,0,1,4,0,0,0,0,0,1,1,1,0,0,1,0
5266,0,0,0,2,0,0,0,0,0,0,1,1,0,0,1,0
7483,0,0,1,6,0,0,0,1,0,1,0,1,0,0,1,0
9572,0,0,0,0,0,0,1,0,1,1,1,1,0,0,1,0
1807,0,0,1,4,0,0,0,0,0,0,0,1,0,0,1,0
2483,0,0,1,5,0,0,0,0,0,1,0,1,0,0,1,0
1984,0,0,1,3,0,0,0,0,0,1,0,1,0,0,1,0
1136,0,0,1,5,0,0,0,0,0,0,0,1,0,0,1,0
497,0,0,1,3,0,0,0,0,1,1,1,1,1,1,1,1
5232,0,0,0,1,0,0,0,0,0,1,0,1,0,0,1,0
2410,0,0,1,4,0,0,0,0,0,1,0,0,0,0,1,0
9746,0,0,1,3,0,0,0,1,0,1,0,1,0,0,1,0
494,0,0,1,4,0,0,1,0,0,1,1,1,0,0,1,0
270,0,0,1,1,0,0,0,0,0,1,0,1,0,0,1,0
6546,0,0,1,2,0,0,0,0,0,1,0,1,0,0,1,0
7423,0,0,0,3,0,0,0,0,0,0,1,1,0,0,1,0
2656,0,0,1,6,0,0,0,0,0,1,1,1,0,0,1,0
3594,0,0,1,6,0,0,0,0,0,1,0,0,0,0,1,0
3772,0,0,1,4,0,0,0,0,0,0,0,1,0,0,1,0
536,0,0,1,5,0,0,0,0,0,1,0,1,0,0,1,0
1047,0,0,1,2,0,0,0,0,0,1,0,0,0,0,1,0
7069,0,0,1,4,0,0,0,0,0,1,0,0,0,0,1,0
4536,0,0,1,5,0,0,0,0,0,1,1,1,0,0,1,0
3400,0,0,1,3,0,0,0,0,0,1,0,1,0,0,1,0
3353,0,0,1,2,0,0,0,0,0,1,0,1,0,0,1,0
1157,0,0,1,2,0,0,1,0,0,1,0,0,0,0,1,1
7914,0,0,1,5,0,0,0,0,0,1,0,1,0,0,1,0
2326,0,0,1,1,0,0,0,0,1,0,1,1,1,0,1,0
9205,0,0,0,2,0,0,0,0,0,1,0,0,0,0,1,0
9519,0,1,1,3,0,0,0,0,0,1,1,1,0,0,1,0
7128,0,0,1,3,0,0,0,0,0,1,1,1,0,0,1,0
1677,0,0,1,4,1,0,0,0,0,1,0,1,0,0,1,0
7610,0,0,0,2,0,0,0,0,0,1,1,1,0,0,1,0
3597,0,0,1,5,0,0,0,0,0,1,0,1,0,0,1,0
9420,0,0,1,1,0,0,0,1,1,1,1,1,0,0,1,0
9733,0,0,0,2,0,0,0,0,0,1,0,0,0,0,1,0
1616,0,0,1,3,0,0,0,0,0,1,0,1,0,0,1,0
6362,0,0,0,2,0,0,0,0,0,1,0,1,0,0,1,0
6165,0,0,1,2,0,0,0,0,0,1,1,1,0,0,1,0
1774,0,0,1,3,0,0,0,0,0,1,0,1,0,0,1,1
5329,0,0,1,6,0,0,0,0,1,1,1,1,0,0,1,0
6707,0,0,0,0,0,0,0,0,0,1,0,0,0,0,1,0
5500,0,0,0,2,0,0,0,0,0,1,0,0,0,0,1,0
9740,0,0,0,2,0,0,0,0,0,1,0,1,1,1,1,1
7632,0,0,1,1,1,0,0,0,1,1,1,1,0,0,1,0
9468,0,0,1,1,1,0,0,0,0,0,0,1,0,0,1,0
6226,0,0,0,2,0,0,0,0,0,1,0,1,0,0,1,0
8132,0,0,0,0,0,0,0,0,0,1,0,1,0,0,1,0
8759,0,0,1,6,0,0,0,0,0,1,0,0,0,0,1,0
1101,0,0,1,5,0,0,0,0,0,1,0,0,0,0,1,0
9347,0,0,1,5,0,0,1,1,0,0,1,1,0,0,1,0
1875,0,0,1,6,0,0,0,0,0,1,0,0,0,0,1,0
6540,0,0,1,3,0,0,0,0,0,1,0,1,1,1,1,1
1395,0,0,1,1,0,0,0,0,1,0,1,1,1,0,1,0
2750,0,0,1,1,0,0,0,0,0,1,0,0,0,0,1,0
6809,0,0,0,3,0,0,0,0,0,1,1,1,0,0,1,0
5600,0,0,0,1,0,0,0,0,0,0,0,1,0,0,1,0
2608,0,0,1,4,0,0,0,0,0,1,1,1,0,0,1,0
5875,0,0,0,2,0,0,0,0,1,1,1,1,0,0,1,0
5877,0,0,1,2,0,0,0,1,0,0,0,0,0,0,1,0
1705,0,0,1,3,0,0,0,1,0,1,0,1,0,0,1,0
7116,0,0,1,2,0,0,0,0,0,1,1,1,0,0,1,0
5198,0,0,1,4,0,0,0,0,0,1,0,0,0,0,1,0
7145,0,0,1,7,0,0,0,1,0,0,1,1,0,0,1,0
7753,0,0,1,2,0,0,0,1,0,1,1,1,0,0,1,0
506,0,0,1,2,0,0,0,0,0,1,1,0,0,0,1,0
2576,0,0,1,2,0,0,0,0,0,0,1,1,0,0,1,0
8864,0,0,1,2,0,0,0,0,0,1,0,0,0,0,1,0
4591,0,0,1,1,0,0,0,0,0,1,0,1,0,0,1,0
8872,0,0,1,5,0,0,0,0,0,1,1,1,1,0,1,0
8550,0,0,0,2,0,0,0,0,1,1,1,1,0,0,1,0
5334,0,0,0,1,0,0,0,0,0,0,0,1,0,0,1,0
2076,0,0,1,2,0,0,0,0,0,1,0,1,0,0,1,0
7170,0,0,1,7,0,0,0,0,0,0,0,1,0,0,1,0
8242,0,0,1,5,0,0,0,0,0,1,0,0,1,0,1,0
7378,0,0,1,5,0,0,0,0,0,1,0,0,1,0,1,0
461,0,0,1,3,0,0,0,0,0,1,1,1,0,0,1,0
4760,0,0,1,1,0,0,0,0,0,0,0,0,0,0,1,0
479,0,0,1,3,0,0,0,0,0,1,0,1,0,0,1,0
7746,0,0,0,1,0,0,0,0,0,0,0,1,0,0,1,0
6532,0,0,1,5,0,0,1,1,0,1,1,1,0,0,1,0
5068,0,0,1,0,0,0,0,1,0,1,0,0,0,0,1,0
6597,0,0,0,3,0,0,0,0,0,1,0,1,0,0,1,0
4389,0,0,1,3,0,0,0,0,0,1,0,1,0,0,1,0
3324,0,0,1,4,0,0,0,0,0,1,1,1,0,0,1,0
3099,0,0,1,4,0,0,0,0,0,1,1,1,0,0,1,0
6916,0,0,0,0,0,0,0,0,0,1,1,1,0,0,1,0
7464,0,0,0,3,0,0,0,0,0,1,0,1,0,0,1,0
6932,0,0,0,2,0,0,0,1,0,1,0,1,1,1,1,1
7134,0,0,0,0,0,0,0,1,0,1,0,1,0,0,1,1
5983,0,0,0,1,0,0,0,0,0,1,1,1,0,0,1,0
5287,0,0,0,0,0,0,0,0,0,1,0,1,0,0,1,0
1842,0,0,1,2,0,0,0,0,0,1,0,0,0,0,1,0
7658,0,0,1,5,0,0,0,0,0,1,0,1,1,1,1,1
2660,0,0,1,1,0,0,0,0,0,1,1,1,0,0,1,0
6770,0,0,1,6,0,0,0,0,0,1,0,1,0,0,1,0
7156,0,0,1,6,0,0,0,0,0,1,1,1,0,0,1,0
3257,0,0,1,5,0,0,0,0,0,1,0,1,0,0,1,0
4709,0,0,1,4,0,0,0,0,0,0,0,1,0,0,1,0
2618,0,0,1,4,0,0,1,0,0,1,0,0,0,0,1,0
5278,0,0,0,1,0,0,0,0,1,1,1,1,0,1,1,0
981,0,0,1,5,0,0,0,0,0,1,1,1,0,0,1,0
1485,0,0,1,1,0,0,0,0,0,0,0,0,0,0,1,0
2551,0,0,1,3,0,0,0,0,0,1,1,1,0,0,1,0
8949,0,0,1,2,0,0,0,1,0,1,0,1,0,0,1,0
1371,0,0,1,4,0,0,0,0,0,0,0,1,0,0,1,0
9789,0,0,0,1,0,0,0,0,0,1,0,1,0,0,1,0
9973,0,0,1,6,0,0,0,1,0,1,0,1,0,0,1,0
3098,0,0,1,2,0,0,0,0,1,1,1,1,0,0,1,0
915,0,0,1,2,0,0,0,0,0,0,1,1,0,0,1,0
6305,0,0,1,2,0,0,0,1,0,0,0,1,0,0,1,0
4123,0,0,1,2,0,0,0,0,0,1,1,1,0,0,1,0
8177,0,0,1,9,0,0,0,0,0,1,1,1,0,0,1,0
7345,0,0,1,5,0,0,0,0,0,0,0,1,0,0,1,0
4270,0,0,1,1,0,0,0,0,0,0,1,1,0,0,1,0
1428,0,0,1,1,0,0,0,0,0,1,1,1,0,0,1,0
34,0,0,1,4,0,0,0,0,0,1,0,1,0,0,1,0
3880,0,0,1,10,1,0,0,0,0,1,0,1,0,0,1,0
1337,0,0,1,4,0,0,0,0,0,1,0,1,0,0,1,0
5919,0,0,0,1,0,0,0,0,0,1,0,1,0,0,1,0
1273,0,0,1,1,0,0,0,0,0,1,0,0,0,0,1,0
6824,0,0,1,0,0,0,0,0,0,1,0,1,0,0,1,0
8048,1,0,1,2,0,0,0,0,0,1,1,1,0,0,1,0
5363,0,0,0,3,0,0,0,0,0,0,0,1,0,0,1,0
4639,0,0,1,4,0,0,0,0,0,1,0,1,0,0,1,0
1260,0,0,1,2,0,0,0,0,1,1,1,1,0,0,1,0
7571,0,1,1,1,0,0,0,0,0,0,0,1,0,0,1,0
9951,0,0,1,6,0,0,0,0,0,1,0,1,1,1,1,1
6507,0,0,0,2,0,0,0,0,0,1,1,1,0,0,1,0
4438,0,0,1,4,0,0,0,0,0,1,0,1,0,0,1,0
3273,0,0,1,3,0,0,0,0,0,1,1,1,0,0,1,0
8623,0,0,1,2,0,0,0,0,0,1,0,1,0,0,1,0
5221,0,0,1,1,0,0,0,1,0,1,0,0,0,0,1,0
1235,0,0,1,3,0,0,0,0,0,1,1,1,0,0,1,0
2569,0,0,1,4,0,0,0,0,0,1,1,1,0,0,1,0
6608,0,0,0,0,0,0,1,0,1,1,1,1,0,0,1,0
3074,0,0,1,1,0,0,0,0,0,1,1,1,0,0,1,0
8296,0,0,0,2,0,0,1,0,0,1,0,1,0,0,1,0
812,0,0,1,6,0,0,0,0,0,1,0,0,0,0,1,0
4448,0,0,1,3,0,0,0,0,0,1,1,1,0,0,1,0
2471,0,0,1,5,0,0,0,0,0,1,0,1,0,0,1,0
324,0,0,1,3,0,0,0,0,1,1,1,1,0,0,1,0
1989,0,0,1,6,0,0,0,0,0,1,0,0,0,0,1,1
5724,0,0,0,2,0,0,0,0,0,1,0,1,0,0,1,0
2680,0,0,1,4,0,0,0,0,0,1,1,1,0,0,1,0
2607,0,0,1,3,0,0,0,0,1,1,1,1,0,0,1,1
289,0,0,1,2,0,0,0,0,0,1,0,0,1,1,1,1
777,0,0,1,1,1,0,0,0,0,1,1,1,0,0,1,0
4307,0,0,1,2,0,0,0,0,0,1,1,1,0,0,1,0
4674,0,0,1,2,0,0,0,0,1,1,1,1,0,0,1,0
7172,0,0,0,1,0,0,1,0,0,1,0,1,0,0,1,0
5764,0,0,1,3,0,0,0,0,0,1,0,0,0,0,1,0
6639,0,0,1,5,0,0,0,0,0,1,0,0,1,0,1,0
3202,0,0,1,1,0,0,0,0,0,0,0,1,0,0,1,0
988,0,0,1,2,0,0,0,0,0,1,0,1,0,0,1,0
5306,0,0,1,2,0,0,0,0,0,1,0,1,0,0,1,0
5561,0,0,1,10,0,0,0,0,1,1,1,1,0,0,1,0
3037,0,0,1,1,0,0,0,0,0,1,1,1,0,0,1,0
3786,0,0,1,4,0,0,0,0,0,1,1,1,0,0,1,0
7552,0,0,0,1,0,0,0,1,0,1,0,1,0,0,1,0
1704,0,0,1,1,0,0,0,0,0,1,0,1,0,0,1,0
5246,0,0,0,2,0,0,0,0,0,1,0,0,0,0,1,0
291,0,0,1,1,0,0,0,0,1,1,1,1,1,1,1,1
8741,0,0,1,5,0,0,0,0,0,1,0,0,1,0,1,0
2109,0,0,1,3,0,0,0,0,0,1,0,1,0,0,1,0
9769,0,0,1,6,0,0,0,0,0,1,0,1,0,0,1,0
8675,0,0,0,1,0,0,0,0,0,1,0,1,0,0,1,0
1884,0,0,1,4,0,0,0,0,0,1,1,1,0,0,1,0
7375,0,0,0,3,0,0,0,0,0,0,1,1,0,0,1,0
102,0,0,1,1,0,0,0,0,0,1,0,1,0,0,1,0
5149,0,0,0,1,0,0,0,0,0,0,0,1,0,0,1,0
7555,0,0,0,0,0,0,0,0,0,1,0,1,0,0,1,0
8053,0,0,0,0,0,0,0,0,0,1,0,1,1,1,1,1
431,0,0,1,3,0,0,0,0,0,1,0,1,0,0,1,0
3474,0,0,1,3,0,0,0,0,0,1,0,1,0,0,1,0
962,0,0,1,3,0,0,0,0,0,1,1,1,0,0,1,0
8594,0,0,0,2,0,0,0,0,0,0,0,1,0,0,1,0
2497,0,0,1,2,0,0,0,0,0,0,1,1,0,0,1,0
2081,0,0,1,6,0,0,0,0,0,1,0,0,0,0,1,0
3156,0,0,1,6,0,0,0,0,0,1,0,1,0,0,1,0
5933,0,0,0,2,0,0,0,0,0,1,0,1,1,1,1,1
3806,0,0,1,3,0,0,0,0,0,0,0,0,0,0,1,0
3752,0,0,1,3,0,0,0,0,0,1,0,1,0,0,1,0
7115,0,0,0,1,0,0,0,0,1,1,1,1,1,1,1,1
4209,0,0,1,4,0,0,0,0,0,1,0,1,0,0,1,1
198,0,0,1,2,0,0,0,0,0,0,1,1,0,0,1,0
6202,0,0,0,1,0,0,0,0,0,1,1,1,0,0,1,0
4473,0,0,1,3,0,0,0,0,0,1,0,1,0,0,1,0
5155,0,1,1,0,0,0,0,0,0,1,1,1,0,0,1,0
5695,0,0,1,5,0,0,1,1,0,1,1,1,0,0,1,0
7073,0,0,1,5,0,0,0,0,1,0,1,1,0,0,1,0
9607,0,0,1,4,0,0,0,0,0,1,0,1,0,0,1,0
7578,0,0,0,3,0,0,1,0,0,1,0,0,0,0,1,0
7492,0,0,1,7,0,0,0,0,0,1,1,1,0,0,1,0
204,0,0,1,1,0,0,0,0,0,1,0,1,0,0,1,0
2795,0,0,1,2,0,0,0,0,0,0,1,1,0,0,1,0
5711,0,0,0,1,0,0,0,0,0,0,0,0,0,0,1,0
3654,0,0,1,5,0,0,0,0,1,1,1,1,1,1,1,1
2284,0,0,1,4,0,0,0,0,0,0,0,1,0,0,1,0
1822,0,0,1,10,0,0,0,0,0,1,0,1,0,0,1,0
6108,0,0,0,0,0,0,0,1,0,1,1,1,1,1,1,1
7059,0,0,1,5,0,0,0,0,0,1,1,1,1,0,1,0
471,0,0,1,3,0,0,0,0,1,1,1,1,0,0,1,0
329,0,0,1,4,0,0,0,0,0,1,1,1,0,0,1,0
5812,0,0,1,3,0,0,0,0,0,1,1,1,0,0,1,0
5260,0,0,0,4,0,0,0,0,0,0,0,0,0,0,1,0
6258,0,0,1,3,0,0,0,0,0,1,0,1,0,0,1,0
5336,0,0,1,3,0,0,0,0,1,0,1,1,0,0,1,0
8870,0,0,0,1,0,0,0,0,0,1,0,1,0,0,1,0
4106,0,0,1,2,0,0,0,0,0,1,1,1,0,0,1,0
6093,0,0,1,6,0,0,0,0,0,1,0,0,0,0,1,0
547,0,0,1,10,0,0,0,0,0,1,0,1,0,0,1,0
9921,0,0,0,1,0,0,0,0,1,1,1,1,0,0,1,0
4200,0,0,1,7,0,0,0,0,0,1,0,1,0,0,1,0
4400,0,0,1,3,0,0,0,0,0,1,0,1,1,1,1,1
1027,0,0,1,5,0,0,0,0,0,1,1,1,0,0,1,1
4794,0,0,1,2,0,0,0,0,0,1,0,0,0,0,1,0
9864,0,0,1,2,0,0,0,0,0,0,0,1,0,0,1,0
8492,0,0,1,1,0,0,0,0,0,1,0,0,0,0,1,0
4148,0,0,1,3,0,0,0,0,0,1,0,1,0,0,1,0
3814,0,0,1,6,0,0,0,0,0,1,0,0,0,0,1,1
1307,0,0,1,4,0,0,0,0,0,0,0,1,0,0,1,0
8348,0,0,0,1,0,0,0,0,0,0,0,0,0,0,1,0
3065,0,0,1,2,0,0,0,0,1,1,1,1,0,0,1,0
6929,0,0,1,6,0,0,0,0,0,0,1,1,0,0,1,0
9078,0,0,1,3,0,0,0,0,0,1,0,1,0,0,1,0
3579,0,0,1,4,0,0,0,0,0,1,0,0,0,0,1,0
3776,0,0,1,6,0,0,0,0,1,1,1,1,0,0,1,0
3325,0,0,1,7,0,0,0,0,0,1,0,0,0,0,1,0
225,0,0,1,3,0,0,0,0,0,1,1,1,0,0,1,1
1341,0,0,1,2,0,0,0,0,1,1,1,1,1,1,1,1
3362,0,0,1,2,0,0,1,0,0,1,0,0,0,0,1,1
6261,0,0,1,5,0,0,0,0,0,1,0,1,0,0,1,0
4909,0,0,1,2,0,0,0,0,1,1,1,1,0,0,1,0
7915,0,0,0,1,0,0,0,0,0,1,0,1,0,0,1,0
1405,0,0,1,3,0,0,0,0,1,1,1,1,0,0,1,0
6374,0,0,1,6,0,0,0,1,0,1,0,1,0,0,1,0
9559,0,0,0,0,0,0,1,1,1,1,1,1,0,0,1,0
9154,0,0,1,5,0,0,0,0,0,1,0,0,0,0,1,0
6460,0,0,0,2,0,0,0,0,0,1,1,1,0,0,1,0
4340,0,0,1,4,0,0,0,0,0,1,1,1,0,0,1,0
893,0,0,1,1,0,0,0,0,0,0,1,1,0,0,1,0
7745,0,0,1,8,0,0,0,0,1,1,1,1,1,0,1,0
9287,0,0,1,5,0,0,0,0,0,1,0,0,0,0,1,0
4426,0,0,1,3,0,0,0,0,0,1,0,1,0,0,1,0
8447,0,0,0,3,0,0,0,0,0,1,0,0,0,0,1,0
1152,0,0,1,2,0,0,0,0,0,1,1,0,0,0,1,0
7650,0,0,1,0,0,0,0,1,0,1,0,1,0,0,1,0
8146,0,0,0,1,0,0,0,0,0,0,0,1,0,0,1,0
164,0,0,1,5,0,0,0,0,0,1,1,1,0,0,1,1
4855,0,0,1,3,0,0,0,0,0,0,1,1,0,0,1,0
6067,0,0,0,4,0,0,0,0,0,1,0,1,0,0,1,0
6045,0,0,0,3,0,0,0,0,1,1,1,1,0,0,1,0
5610,0,0,1,2,0,0,0,0,0,1,0,1,0,0,1,0
5013,0,0,0,1,0,0,1,0,0,1,0,1,0,0,1,0
8923,0,0,1,4,1,0,0,0,0,1,0,1,0,0,1,0
1020,0,0,1,3,0,0,0,0,0,1,0,1,1,1,1,1
6170,0,0,1,5,0,0,0,0,0,1,0,0,1,0,1,0
2495,0,0,1,3,0,0,0,0,0,1,0,1,0,0,1,0
334,0,0,1,2,0,0,1,0,0,1,0,1,0,0,1,0
342,0,0,1,1,0,0,0,0,0,1,0,0,0,0,1,0
9259,0,0,1,3,0,0,0,1,0,1,0,1,0,0,1,0
8680,0,0,0,3,0,0,0,0,0,0,0,0,0,0,1,0
456,0,0,1,3,0,0,0,0,0,1,0,1,0,0,1,0
5240,0,0,1,7,0,0,0,0,1,1,1,1,0,0,1,0
1721,0,0,1,4,0,0,0,0,0,1,0,0,0,0,1,0
9329,0,0,0,2,0,0,0,0,0,1,1,1,0,0,1,0
6692,0,0,1,5,0,0,0,0,0,1,0,1,0,0,1,0
4796,0,0,1,2,0,0,0,0,0,1,0,0,0,0,1,0
1251,0,0,1,3,0,0,0,0,0,1,0,1,0,0,1,0
2359,0,0,1,10,0,0,0,0,0,1,0,1,0,0,1,0
9993,0,0,0,2,0,0,0,0,0,1,1,1,0,0,1,0
6236,0,0,0,3,0,0,0,0,1,1,1,1,0,0,1,0
3211,0,0,1,4,0,0,1,0,0,1,0,1,0,0,1,0
1154,0,0,1,3,0,0,0,0,0,1,1,0,0,0,1,0
1595,0,0,1,6,0,0,0,0,0,1,1,1,0,0,1,0
5005,1,0,0,0,0,0,0,0,0,1,0,0,0,0,1,0
6355,0,0,1,1,0,0,0,0,0,1,0,1,0,0,1,0
5385,0,0,1,2,0,0,0,0,0,0,0,0,0,0,1,0
7127,0,0,1,2,0,0,1,0,0,1,1,1,0,0,1,0
2925,0,0,1,1,0,0,0,0,0,0,1,1,0,0,1,0
412,0,0,1,3,0,0,0,0,0,1,0,1,0,0,1,0
1298,0,0,1,1,1,0,0,0,0,1,1,1,0,0,1,0
2080,0,0,1,6,0,0,0,0,0,1,1,1,0,0,1,0
39,0,0,1,3,0,0,1,0,0,1,0,1,0,0,1,0
5599,0,0,1,5,0,0,0,1,0,1,1,1,1,1,1,1
8955,0,1,1,3,0,0,1,0,0,1,1,1,0,0,1,0
7539,0,0,0,0,0,0,0,0,0,1,0,0,0,0,1,0
4079,0,0,1,7,0,0,1,0,0,1,0,0,0,0,1,1
341,0,0,1,5,0,0,0,0,0,1,1,1,0,0,1,0
4961,0,0,1,1,0,0,0,0,0,1,0,1,0,0,1,0
7786,0,0,0,2,0,0,0,0,1,0,1,1,0,0,1,0
7592,0,0,1,3,0,0,1,0,0,1,0,0,0,0,1,0
4561,0,0,1,3,0,0,0,0,0,1,0,1,0,0,1,0
7929,0,0,0,1,0,0,0,0,0,1,0,1,0,0,1,0
7409,0,0,0,1,0,0,0,0,0,1,1,0,0,0,1,0
9923,0,0,1,4,0,0,1,0,0,1,1,1,0,0,1,0
6101,0,0,0,0,0,0,0,0,0,0,0,1,0,0,1,0
6649,0,0,1,5,0,0,1,1,0,1,1,1,0,0,1,0
1162,0,0,1,2,0,0,0,0,1,1,1,1,0,0,1,0
6989,0,0,1,6,0,0,0,0,0,1,0,1,0,0,1,0
2516,0,0,1,10,0,0,0,0,0,1,0,1,0,0,1,0
3619,0,0,1,2,0,0,0,0,0,1,0,1,0,0,1,0
8231,0,0,1,4,0,0,0,0,0,1,0,1,0,0,1,0
2112,0,0,1,2,0,0,0,0,0,1,1,1,0,0,1,0
7009,0,0,0,1,0,0,0,0,0,1,0,1,1,1,1,1
1844,0,0,1,5,0,0,0,0,0,1,1,1,0,0,1,0
432,0,0,1,1,0,0,0,0,0,1,1,1,0,0,1,0
6610,0,0,1,5,0,0,0,1,0,1,0,1,0,0,1,0
4610,0,0,1,5,0,0,0,0,0,1,0,0,0,0,1,0
7488,0,0,0,4,0,0,0,0,0,1,0,0,0,0,1,0
7196,0,0,1,5,0,0,1,1,0,1,1,1,0,0,1,0
8060,0,0,0,0,0,0,0,0,0,1,0,0,0,0,1,0
1349,0,0,1,2,0,0,0,0,1,1,1,1,0,0,1,0
313,0,0,1,1,0,0,0,0,0,0,1,1,0,0,1,0
197,0,1,1,2,0,0,0,0,0,1,0,1,0,0,1,0
5034,0,0,1,6,0,0,0,0,1,1,1,1,0,0,1,1
5546,0,0,1,1,0,0,0,0,0,1,0,1,0,0,1,0
3219,0,0,1,2,0,0,0,0,1,1,1,1,0,0,1,0
4432,0,0,1,6,0,0,0,0,0,1,1,1,0,0,1,0
5715,0,0,1,5,0,0,0,0,0,1,0,0,0,0,1,0
1216,0,0,1,2,0,0,0,0,1,1,1,1,0,0,1,0
2598,0,0,1,4,0,0,0,0,0,1,0,1,0,0,1,0
6322,0,0,1,4,0,0,0,0,1,1,1,1,0,0,1,0
6694,0,0,0,1,0,0,0,0,0,1,1,1,0,0,1,0
9575,0,0,1,1,0,0,0,1,1,0,1,1,0,0,1,0
7726,0,0,0,1,0,0,0,0,0,1,0,1,0,0,1,0
4957,0,0,1,2,0,0,0,0,1,1,1,1,0,0,1,0
8418,0,0,0,1,0,0,0,0,0,1,1,1,0,0,1,0
7543,0,0,0,1,0,0,0,0,0,0,1,1,0,0,1,0
3399,0,0,1,10,0,0,0,0,0,1,0,1,0,0,1,0
7992,0,0,1,2,0,0,1,0,0,1,1,1,0,0,1,0
876,0,0,1,4,0,0,0,0,0,1,0,1,0,0,1,0
511,0,0,1,2,0,0,0,0,0,1,1,1,0,0,1,1
8307,0,0,1,7,0,0,0,0,0,1,0,1,0,0,1,0
6573,0,0,0,3,0,0,0,0,0,1,1,0,0,0,1,0
5708,0,0,1,5,0,0,0,0,0,1,1,1,0,0,1,0
9290,0,1,1,3,0,0,0,0,0,0,1,1,0,0,1,0
4777,0,0,1,2,0,0,0,0,0,1,1,1,0,0,1,0
3930,0,0,1,2,0,0,0,0,1,1,1,1,0,0,1,0
8388,0,0,1,2,0,0,0,0,0,1,1,1,0,0,1,0
2648,0,0,1,4,0,0,0,0,0,1,0,1,0,0,1,0
3148,0,0,1,6,0,0,0,0,0,1,1,1,0,0,1,0
4810,0,0,1,3,0,0,0,0,0,1,0,1,0,0,1,0
6606,0,0,1,5,0,0,0,0,0,1,1,1,0,0,1,0
3605,0,0,1,4,0,0,0,0,0,1,1,1,0,0,1,0
8697,0,0,1,3,0,0,0,1,0,0,0,1,0,0,1,0
6888,0,1,1,4,0,0,1,0,0,1,0,0,0,0,1,0
4414,0,0,1,5,0,0,0,0,0,1,1,1,0,0,1,0
2456,0,0,1,3,0,0,0,0,0,1,0,1,1,1,1,1
2478,0,0,1,4,0,0,0,0,0,1,0,1,0,0,1,0
5732,0,0,1,1,0,0,0,1,0,1,0,1,0,0,1,0
5922,0,0,1,5,0,0,1,0,1,1,1,1,0,0,1,0
6883,0,0,0,2,0,0,1,0,0,1,0,1,0,0,1,0
8023,0,0,1,7,0,0,0,0,0,1,1,1,0,0,1,0
5820,0,0,1,6,0,0,0,0,0,1,0,0,1,0,1,0
9413,0,0,0,0,0,0,0,1,0,0,0,1,0,0,1,0
9980,0,0,0,1,0,0,0,0,0,0,1,1,0,0,1,0
4923,0,0,1,5,0,0,0,0,0,1,0,0,0,0,1,0
6510,0,0,0,1,0,0,0,0,0,1,0,1,0,0,1,0
2086,0,0,1,2,0,0,0,0,0,1,1,0,0,0,1,0
353,0,0,1,3,0,0,0,0,1,1,1,1,0,0,1,0
4966,0,0,1,2,0,0,0,0,0,1,0,1,0,0,1,0
2216,0,0,1,10,0,0,0,0,0,1,0,0,0,0,1,1
1538,0,0,1,3,0,0,0,0,0,0,0,1,0,0,1,0
2864,0,0,1,1,0,0,0,0,0,1,1,1,0,0,1,0
1594,0,0,1,5,0,0,0,0,0,1,0,1,0,0,1,0
9278,0,0,0,4,0,0,0,0,0,1,0,1,0,0,1,0
9448,0,0,1,4,0,0,0,0,1,1,1,1,0,0,1,0
8073,0,0,0,3,0,0,0,0,0,1,0,1,1,0,1,0
2016,0,0,1,2,0,0,0,0,0,1,1,1,0,0,1,0
9453,0,0,1,1,0,0,0,1,0,1,0,1,1,1,1,1
2173,0,0,1,1,0,0,0,0,0,1,1,1,0,0,1,0
4215,0,0,1,2,0,0,0,0,1,1,1,1,0,0,1,0
942,0,0,1,1,0,0,0,0,0,1,1,1,0,0,1,0
7486,0,0,1,1,0,0,0,0,0,1,1,1,0,0,1,0
8844,0,0,1,2,0,0,0,1,0,1,0,1,1,1,1,1
5907,0,0,0,0,0,0,0,1,0,1,1,1,0,0,1,0
8206,0,0,0,2,0,0,0,0,0,1,0,1,0,0,1,0
2001,0,0,1,3,0,0,0,0,0,1,1,1,0,0,1,0
4510,0,0,1,2,0,0,0,0,0,1,0,0,0,0,1,0
2457,0,0,1,1,1,0,0,0,0,1,1,1,0,0,1,0
6874,0,0,1,3,0,0,0,0,0,0,0,1,0,0,1,0
8448,0,0,0,1,0,0,0,1,0,1,0,1,0,0,1,0
5303,0,0,0,2,0,0,0,0,0,1,0,1,0,0,1,0
9946,0,1,1,3,0,0,0,0,0,0,0,1,1,0,1,0
7588,0,1,1,2,0,0,0,0,0,1,0,0,1,1,1,1
9087,0,0,1,9,0,0,0,0,0,0,0,0,0,0,1,0
7968,0,0,0,3,0,0,0,0,0,0,1,1,0,0,1,0
6782,0,0,0,3,0,0,0,0,0,0,0,1,0,0,1,0
6453,0,0,0,2,0,0,0,0,0,1,0,0,0,0,1,0
7952,0,0,1,9,0,0,0,0,0,1,0,0,0,0,1,0
1649,0,0,1,3,0,0,0,0,0,1,0,1,0,0,1,0
